{
  "project_info": {
    "project_number": "181851928000",
    "firebase_url": "https://coba-deh-gar-default-rtdb.firebaseio.com",
    "project_id": "coba-deh-gar",
    "storage_bucket": "coba-deh-gar.appspot.com"
  },
  "client": [
    {
      "client_info": {
        "mobilesdk_app_id": "1:181851928000:android:fe1da2a013f552b1a14425",
        "android_client_info": {
          "package_name": "com.example.cobadehgar"
        }
      },
      "oauth_client": [
        {
          "client_id": "181851928000-qh4ank24qeqp2co2ej8eqb9c69s5gt83.apps.googleusercontent.com",
          "client_type": 3
        }
      ],
      "api_key": [
        {
          "current_key": "AIzaSyA2NuEdIbUkhC6fxlhoVlVchYJmZpEd_vc"
        }
      ],
      "services": {
        "appinvite_service": {
          "other_platform_oauth_client": [
            {
              "client_id": "181851928000-qh4ank24qeqp2co2ej8eqb9c69s5gt83.apps.googleusercontent.com",
              "client_type": 3
            }
          ]
        }
      }
    },
    {
      "client_info": {
        "mobilesdk_app_id": "1:181851928000:android:33643814229466dba14425",
        "android_client_info": {
          "package_name": "com.examples.cobadehgar"
        }
      },
      "oauth_client": [
        {
          "client_id": "181851928000-qh4ank24qeqp2co2ej8eqb9c69s5gt83.apps.googleusercontent.com",
          "client_type": 3
        }
      ],
      "api_key": [
        {
          "current_key": "AIzaSyA2NuEdIbUkhC6fxlhoVlVchYJmZpEd_vc"
        }
      ],
      "services": {
        "appinvite_service": {
          "other_platform_oauth_client": [
            {
              "client_id": "181851928000-qh4ank24qeqp2co2ej8eqb9c69s5gt83.apps.googleusercontent.com",
              "client_type": 3
            }
          ]
        }
      }
    }
  ],
  "configuration_version": "1"
}